"","x"
"1","aawiki"
"2","aawikibooks"
"3","aawiktionary"
"4","abwiki"
"5","abwiktionary"
"6","acewiki"
"7","adywiki"
"8","afwiki"
"9","afwikibooks"
"10","afwikiquote"
"11","afwiktionary"
"12","akwiki"
"13","akwikibooks"
"14","akwiktionary"
"15","alswiki"
"16","alswikibooks"
"17","alswikiquote"
"18","alswiktionary"
"19","amwiki"
"20","amwikiquote"
"21","amwiktionary"
"22","angwiki"
"23","angwikibooks"
"24","angwikiquote"
"25","angwikisource"
"26","angwiktionary"
"27","anwiki"
"28","anwiktionary"
"29","arcwiki"
"30","arwiki"
"31","arwikibooks"
"32","arwikinews"
"33","arwikiquote"
"34","arwikisource"
"35","arwiktionary"
"36","arzwiki"
"37","astwiki"
"38","astwikibooks"
"39","astwikiquote"
"40","astwiktionary"
"41","aswiki"
"42","aswikibooks"
"43","aswikisource"
"44","aswiktionary"
"45","atjwiki"
"46","avwiki"
"47","avwiktionary"
"48","aywiki"
"49","aywikibooks"
"50","aywiktionary"
"51","azbwiki"
"52","azwiki"
"53","azwikibooks"
"54","azwikiquote"
"55","azwikisource"
"56","azwiktionary"
"57","barwiki"
"58","bat_smgwiki"
"59","bawiki"
"60","bawikibooks"
"61","bclwiki"
"62","be_x_oldwiki"
"63","bewiki"
"64","bewikibooks"
"65","bewikiquote"
"66","bewikisource"
"67","bewiktionary"
"68","bgwiki"
"69","bgwikibooks"
"70","bgwikinews"
"71","bgwikiquote"
"72","bgwikisource"
"73","bgwiktionary"
"74","bhwiki"
"75","bhwiktionary"
"76","biwiki"
"77","biwikibooks"
"78","biwiktionary"
"79","bjnwiki"
"80","bmwiki"
"81","bmwikibooks"
"82","bmwikiquote"
"83","bmwiktionary"
"84","bnwiki"
"85","bnwikibooks"
"86","bnwikisource"
"87","bnwiktionary"
"88","bowiki"
"89","bowikibooks"
"90","bowiktionary"
"91","bpywiki"
"92","brwiki"
"93","brwikiquote"
"94","brwikisource"
"95","brwiktionary"
"96","bswiki"
"97","bswikibooks"
"98","bswikinews"
"99","bswikiquote"
"100","bswikisource"
"101","bswiktionary"
"102","bugwiki"
"103","bxrwiki"
"104","cawiki"
"105","cawikibooks"
"106","cawikinews"
"107","cawikiquote"
"108","cawikisource"
"109","cawiktionary"
"110","cbk_zamwiki"
"111","cdowiki"
"112","cebwiki"
"113","cewiki"
"114","chowiki"
"115","chrwiki"
"116","chrwiktionary"
"117","chwiki"
"118","chwikibooks"
"119","chwiktionary"
"120","chywiki"
"121","ckbwiki"
"122","commonswiki"
"123","cowiki"
"124","cowikibooks"
"125","cowikiquote"
"126","cowiktionary"
"127","crhwiki"
"128","crwiki"
"129","crwikiquote"
"130","crwiktionary"
"131","csbwiki"
"132","csbwiktionary"
"133","cswiki"
"134","cswikibooks"
"135","cswikinews"
"136","cswikiquote"
"137","cswikisource"
"138","cswiktionary"
"139","cuwiki"
"140","cvwiki"
"141","cvwikibooks"
"142","cywiki"
"143","cywikibooks"
"144","cywikiquote"
"145","cywikisource"
"146","cywiktionary"
"147","dawiki"
"148","dawikibooks"
"149","dawikiquote"
"150","dawikisource"
"151","dawiktionary"
"152","dewiki"
"153","dewikibooks"
"154","dewikinews"
"155","dewikiquote"
"156","dewikisource"
"157","dewikivoyage"
"158","dewiktionary"
"159","dinwiki"
"160","diqwiki"
"161","dsbwiki"
"162","dtywiki"
"163","dvwiki"
"164","dvwiktionary"
"165","dzwiki"
"166","dzwiktionary"
"167","eewiki"
"168","elwiki"
"169","elwikibooks"
"170","elwikinews"
"171","elwikiquote"
"172","elwikisource"
"173","elwikivoyage"
"174","elwiktionary"
"175","emlwiki"
"176","enwiki"
"177","enwikibooks"
"178","enwikinews"
"179","enwikiquote"
"180","enwikisource"
"181","enwikivoyage"
"182","enwiktionary"
"183","eowiki"
"184","eowikibooks"
"185","eowikinews"
"186","eowikiquote"
"187","eowikisource"
"188","eowiktionary"
"189","eswiki"
"190","eswikibooks"
"191","eswikinews"
"192","eswikiquote"
"193","eswikisource"
"194","eswikivoyage"
"195","eswiktionary"
"196","etwiki"
"197","etwikibooks"
"198","etwikiquote"
"199","etwikisource"
"200","etwiktionary"
"201","euwiki"
"202","euwikibooks"
"203","euwikiquote"
"204","euwiktionary"
"205","extwiki"
"206","fawiki"
"207","fawikibooks"
"208","fawikinews"
"209","fawikiquote"
"210","fawikisource"
"211","fawikivoyage"
"212","fawiktionary"
"213","ffwiki"
"214","fiu_vrowiki"
"215","fiwiki"
"216","fiwikibooks"
"217","fiwikinews"
"218","fiwikiquote"
"219","fiwikisource"
"220","fiwikivoyage"
"221","fiwiktionary"
"222","fjwiki"
"223","fjwiktionary"
"224","fowiki"
"225","fowikisource"
"226","fowiktionary"
"227","frpwiki"
"228","frrwiki"
"229","frwiki"
"230","frwikibooks"
"231","frwikinews"
"232","frwikiquote"
"233","frwikisource"
"234","frwikivoyage"
"235","frwiktionary"
"236","furwiki"
"237","fywiki"
"238","fywikibooks"
"239","fywiktionary"
"240","gagwiki"
"241","ganwiki"
"242","gawiki"
"243","gawikibooks"
"244","gawikiquote"
"245","gawiktionary"
"246","gdwiki"
"247","gdwiktionary"
"248","glkwiki"
"249","glwiki"
"250","glwikibooks"
"251","glwikiquote"
"252","glwikisource"
"253","glwiktionary"
"254","gnwiki"
"255","gnwikibooks"
"256","gnwiktionary"
"257","gomwiki"
"258","gotwiki"
"259","gotwikibooks"
"260","guwiki"
"261","guwikibooks"
"262","guwikiquote"
"263","guwikisource"
"264","guwiktionary"
"265","gvwiki"
"266","gvwiktionary"
"267","hakwiki"
"268","hawiki"
"269","hawiktionary"
"270","hawwiki"
"271","hewiki"
"272","hewikibooks"
"273","hewikinews"
"274","hewikiquote"
"275","hewikisource"
"276","hewikivoyage"
"277","hewiktionary"
"278","hifwiki"
"279","hiwiki"
"280","hiwikibooks"
"281","hiwikiquote"
"282","hiwiktionary"
"283","howiki"
"284","hrwiki"
"285","hrwikibooks"
"286","hrwikiquote"
"287","hrwikisource"
"288","hrwiktionary"
"289","hsbwiki"
"290","hsbwiktionary"
"291","htwiki"
"292","htwikisource"
"293","huwiki"
"294","huwikibooks"
"295","huwikinews"
"296","huwikiquote"
"297","huwikisource"
"298","huwiktionary"
"299","hywiki"
"300","hywikibooks"
"301","hywikiquote"
"302","hywikisource"
"303","hywiktionary"
"304","hzwiki"
"305","iawiki"
"306","iawikibooks"
"307","iawiktionary"
"308","idwiki"
"309","idwikibooks"
"310","idwikiquote"
"311","idwikisource"
"312","idwiktionary"
"313","iewiki"
"314","iewikibooks"
"315","iewiktionary"
"316","igwiki"
"317","iiwiki"
"318","ikwiki"
"319","ikwiktionary"
"320","ilowiki"
"321","iowiki"
"322","iowiktionary"
"323","iswiki"
"324","iswikibooks"
"325","iswikiquote"
"326","iswikisource"
"327","iswiktionary"
"328","itwiki"
"329","itwikibooks"
"330","itwikinews"
"331","itwikiquote"
"332","itwikisource"
"333","itwikivoyage"
"334","itwiktionary"
"335","iuwiki"
"336","iuwiktionary"
"337","jamwiki"
"338","jawiki"
"339","jawikibooks"
"340","jawikinews"
"341","jawikiquote"
"342","jawikisource"
"343","jawiktionary"
"344","jbowiki"
"345","jbowiktionary"
"346","jvwiki"
"347","jvwiktionary"
"348","kaawiki"
"349","kabwiki"
"350","kawiki"
"351","kawikibooks"
"352","kawikiquote"
"353","kawiktionary"
"354","kbdwiki"
"355","kbpwiki"
"356","kgwiki"
"357","kiwiki"
"358","kjwiki"
"359","kkwiki"
"360","kkwikibooks"
"361","kkwikiquote"
"362","kkwiktionary"
"363","klwiki"
"364","klwiktionary"
"365","kmwiki"
"366","kmwikibooks"
"367","kmwiktionary"
"368","knwiki"
"369","knwikibooks"
"370","knwikiquote"
"371","knwikisource"
"372","knwiktionary"
"373","koiwiki"
"374","kowiki"
"375","kowikibooks"
"376","kowikinews"
"377","kowikiquote"
"378","kowikisource"
"379","kowiktionary"
"380","krcwiki"
"381","krwiki"
"382","krwikiquote"
"383","kshwiki"
"384","kswiki"
"385","kswikibooks"
"386","kswikiquote"
"387","kswiktionary"
"388","kuwiki"
"389","kuwikibooks"
"390","kuwikiquote"
"391","kuwiktionary"
"392","kvwiki"
"393","kwwiki"
"394","kwwikiquote"
"395","kwwiktionary"
"396","kywiki"
"397","kywikibooks"
"398","kywikiquote"
"399","kywiktionary"
"400","ladwiki"
"401","lawiki"
"402","lawikibooks"
"403","lawikiquote"
"404","lawikisource"
"405","lawiktionary"
"406","lbewiki"
"407","lbwiki"
"408","lbwikibooks"
"409","lbwikiquote"
"410","lbwiktionary"
"411","lezwiki"
"412","lgwiki"
"413","lijwiki"
"414","liwiki"
"415","liwikibooks"
"416","liwikiquote"
"417","liwikisource"
"418","liwiktionary"
"419","lmowiki"
"420","lnwiki"
"421","lnwikibooks"
"422","lnwiktionary"
"423","lowiki"
"424","lowiktionary"
"425","lrcwiki"
"426","ltgwiki"
"427","ltwiki"
"428","ltwikibooks"
"429","ltwikiquote"
"430","ltwikisource"
"431","ltwiktionary"
"432","lvwiki"
"433","lvwikibooks"
"434","lvwiktionary"
"435","maiwiki"
"436","maiwikimedia"
"437","map_bmswiki"
"438","mdfwiki"
"439","mediawikiwiki"
"440","metawiki"
"441","mgwiki"
"442","mgwikibooks"
"443","mgwiktionary"
"444","mhrwiki"
"445","mhwiki"
"446","mhwiktionary"
"447","minwiki"
"448","miwiki"
"449","miwikibooks"
"450","miwiktionary"
"451","mkwiki"
"452","mkwikibooks"
"453","mkwikisource"
"454","mkwiktionary"
"455","mlwiki"
"456","mlwikibooks"
"457","mlwikiquote"
"458","mlwikisource"
"459","mlwiktionary"
"460","mnwiki"
"461","mnwikibooks"
"462","mnwiktionary"
"463","mowiki"
"464","mowiktionary"
"465","mrjwiki"
"466","mrwiki"
"467","mrwikibooks"
"468","mrwikiquote"
"469","mrwikisource"
"470","mrwiktionary"
"471","mswiki"
"472","mswikibooks"
"473","mswiktionary"
"474","mtwiki"
"475","mtwiktionary"
"476","muswiki"
"477","mwlwiki"
"478","myvwiki"
"479","mywiki"
"480","mywikibooks"
"481","mywiktionary"
"482","mznwiki"
"483","nahwiki"
"484","nahwikibooks"
"485","nahwiktionary"
"486","napwiki"
"487","nawiki"
"488","nawikibooks"
"489","nawikiquote"
"490","nawiktionary"
"491","nds_nlwiki"
"492","ndswiki"
"493","ndswikibooks"
"494","ndswikiquote"
"495","ndswiktionary"
"496","newiki"
"497","newikibooks"
"498","newiktionary"
"499","newwiki"
"500","ngwiki"
"501","nlwiki"
"502","nlwikibooks"
"503","nlwikinews"
"504","nlwikiquote"
"505","nlwikisource"
"506","nlwikivoyage"
"507","nlwiktionary"
"508","nnwiki"
"509","nnwikiquote"
"510","nnwiktionary"
"511","novwiki"
"512","nowiki"
"513","nowikibooks"
"514","nowikinews"
"515","nowikiquote"
"516","nowikisource"
"517","nowiktionary"
"518","nrmwiki"
"519","nsowiki"
"520","nvwiki"
"521","nywiki"
"522","ocwiki"
"523","ocwikibooks"
"524","ocwiktionary"
"525","olowiki"
"526","omwiki"
"527","omwiktionary"
"528","orwiki"
"529","orwikisource"
"530","orwiktionary"
"531","oswiki"
"532","pagwiki"
"533","pamwiki"
"534","papwiki"
"535","pawiki"
"536","pawikibooks"
"537","pawikisource"
"538","pawiktionary"
"539","pcdwiki"
"540","pdcwiki"
"541","pflwiki"
"542","pihwiki"
"543","piwiki"
"544","piwiktionary"
"545","plwiki"
"546","plwikibooks"
"547","plwikinews"
"548","plwikiquote"
"549","plwikisource"
"550","plwikivoyage"
"551","plwiktionary"
"552","pmswiki"
"553","pnbwiki"
"554","pnbwiktionary"
"555","pntwiki"
"556","pswiki"
"557","pswikibooks"
"558","pswiktionary"
"559","ptwiki"
"560","ptwikibooks"
"561","ptwikimedia"
"562","ptwikinews"
"563","ptwikiquote"
"564","ptwikisource"
"565","ptwikivoyage"
"566","ptwiktionary"
"567","quwiki"
"568","quwikibooks"
"569","quwikiquote"
"570","quwiktionary"
"571","rmwiki"
"572","rmwikibooks"
"573","rmwiktionary"
"574","rmywiki"
"575","rnwiki"
"576","rnwiktionary"
"577","roa_rupwiki"
"578","roa_rupwiktionary"
"579","roa_tarawiki"
"580","rowiki"
"581","rowikibooks"
"582","rowikinews"
"583","rowikiquote"
"584","rowikisource"
"585","rowikivoyage"
"586","rowiktionary"
"587","ruewiki"
"588","ruwiki"
"589","ruwikibooks"
"590","ruwikinews"
"591","ruwikiquote"
"592","ruwikisource"
"593","ruwikivoyage"
"594","ruwiktionary"
"595","rwwiki"
"596","rwwiktionary"
"597","sahwiki"
"598","sahwikisource"
"599","sawiki"
"600","sawikibooks"
"601","sawikiquote"
"602","sawikisource"
"603","sawiktionary"
"604","scnwiki"
"605","scnwiktionary"
"606","scowiki"
"607","scwiki"
"608","scwiktionary"
"609","sdwiki"
"610","sdwikinews"
"611","sdwiktionary"
"612","sewiki"
"613","sewikibooks"
"614","sgwiki"
"615","sgwiktionary"
"616","shwiki"
"617","shwiktionary"
"618","simplewiki"
"619","simplewikibooks"
"620","simplewikiquote"
"621","simplewiktionary"
"622","siwiki"
"623","siwikibooks"
"624","siwiktionary"
"625","skwiki"
"626","skwikibooks"
"627","skwikiquote"
"628","skwikisource"
"629","skwiktionary"
"630","slwiki"
"631","slwikibooks"
"632","slwikiquote"
"633","slwikisource"
"634","slwiktionary"
"635","smwiki"
"636","smwiktionary"
"637","snwiki"
"638","snwiktionary"
"639","sowiki"
"640","sowiktionary"
"641","specieswiki"
"642","sqwiki"
"643","sqwikibooks"
"644","sqwikinews"
"645","sqwikiquote"
"646","sqwiktionary"
"647","srnwiki"
"648","srwiki"
"649","srwikibooks"
"650","srwikinews"
"651","srwikiquote"
"652","srwikisource"
"653","srwiktionary"
"654","sswiki"
"655","sswiktionary"
"656","stqwiki"
"657","stwiki"
"658","stwiktionary"
"659","suwiki"
"660","suwikibooks"
"661","suwikiquote"
"662","suwiktionary"
"663","svwiki"
"664","svwikibooks"
"665","svwikinews"
"666","svwikiquote"
"667","svwikisource"
"668","svwikivoyage"
"669","svwiktionary"
"670","swwiki"
"671","swwikibooks"
"672","swwiktionary"
"673","szlwiki"
"674","tawiki"
"675","tawikibooks"
"676","tawikinews"
"677","tawikiquote"
"678","tawikisource"
"679","tawiktionary"
"680","tcywiki"
"681","test2wiki"
"682","testwiki"
"683","testwikidatawiki"
"684","tetwiki"
"685","tewiki"
"686","tewikibooks"
"687","tewikiquote"
"688","tewikisource"
"689","tewiktionary"
"690","tgwiki"
"691","tgwikibooks"
"692","tgwiktionary"
"693","thwiki"
"694","thwikibooks"
"695","thwikinews"
"696","thwikiquote"
"697","thwikisource"
"698","thwiktionary"
"699","tiwiki"
"700","tiwiktionary"
"701","tkwiki"
"702","tkwikibooks"
"703","tkwikiquote"
"704","tkwiktionary"
"705","tlwiki"
"706","tlwikibooks"
"707","tlwiktionary"
"708","tnwiki"
"709","tnwiktionary"
"710","towiki"
"711","towiktionary"
"712","tpiwiki"
"713","tpiwiktionary"
"714","trwiki"
"715","trwikibooks"
"716","trwikinews"
"717","trwikiquote"
"718","trwikisource"
"719","trwiktionary"
"720","tswiki"
"721","tswiktionary"
"722","ttwiki"
"723","ttwikibooks"
"724","ttwikiquote"
"725","ttwiktionary"
"726","tumwiki"
"727","twwiki"
"728","twwiktionary"
"729","tyvwiki"
"730","tywiki"
"731","udmwiki"
"732","ugwiki"
"733","ugwikibooks"
"734","ugwikiquote"
"735","ugwiktionary"
"736","ukwiki"
"737","ukwikibooks"
"738","ukwikinews"
"739","ukwikiquote"
"740","ukwikisource"
"741","ukwikivoyage"
"742","ukwiktionary"
"743","urwiki"
"744","urwikibooks"
"745","urwikiquote"
"746","urwiktionary"
"747","uzwiki"
"748","uzwikibooks"
"749","uzwikiquote"
"750","uzwiktionary"
"751","vecwiki"
"752","vecwikisource"
"753","vecwiktionary"
"754","vepwiki"
"755","vewiki"
"756","viwiki"
"757","viwikibooks"
"758","viwikiquote"
"759","viwikisource"
"760","viwikivoyage"
"761","viwiktionary"
"762","vlswiki"
"763","vowiki"
"764","vowikibooks"
"765","vowikiquote"
"766","vowiktionary"
"767","warwiki"
"768","wawiki"
"769","wawikibooks"
"770","wawiktionary"
"771","wbwikimedia"
"772","wikidatawiki"
"773","wowiki"
"774","wowikiquote"
"775","wowiktionary"
"776","wuuwiki"
"777","xalwiki"
"778","xhwiki"
"779","xhwikibooks"
"780","xhwiktionary"
"781","xmfwiki"
"782","yiwiki"
"783","yiwikisource"
"784","yiwiktionary"
"785","yowiki"
"786","yowikibooks"
"787","yowiktionary"
"788","zawiki"
"789","zawikibooks"
"790","zawikiquote"
"791","zawiktionary"
"792","zeawiki"
"793","zh_classicalwiki"
"794","zh_min_nanwiki"
"795","zh_min_nanwikibooks"
"796","zh_min_nanwikiquote"
"797","zh_min_nanwikisource"
"798","zh_min_nanwiktionary"
"799","zh_yuewiki"
"800","zhwiki"
"801","zhwikibooks"
"802","zhwikinews"
"803","zhwikiquote"
"804","zhwikisource"
"805","zhwikivoyage"
"806","zhwiktionary"
"807","zuwiki"
"808","zuwikibooks"
"809","zuwiktionary"
